<?xml version="1.0" encoding="UTF-8"?>
<project-private xmlns="http://www.netbeans.org/ns/project-private/1">
    <editor-bookmarks xmlns="http://www.netbeans.org/ns/editor-bookmarks/2" lastBookmarkId="0"/>
    <open-files xmlns="http://www.netbeans.org/ns/projectui-open-files/2">
        <group>
            <file>file:/C:/Users/hallgato/Documents/NetBeansProjects/Factory_Fascade_Bank/src/factory_fascade_bank/Factory_Fascade_Bank.java</file>
            <file>file:/C:/Users/hallgato/Documents/NetBeansProjects/Factory_Fascade_Bank/src/factory_fascade_bank/ShapeFactory.java</file>
            <file>file:/C:/Users/hallgato/Documents/NetBeansProjects/Factory_Fascade_Bank/src/factory_fascade_bank/Shape.java</file>
            <file>file:/C:/Users/hallgato/Documents/NetBeansProjects/Factory_Fascade_Bank/src/factory_fascade_bank/VolumeFascade.java</file>
            <file>file:/C:/Users/hallgato/Documents/NetBeansProjects/Factory_Fascade_Bank/src/factory_fascade_bank/Triangle.java</file>
            <file>file:/C:/Users/hallgato/Documents/NetBeansProjects/Factory_Fascade_Bank/src/factory_fascade_bank/Polygon.java</file>
            <file>file:/C:/Users/hallgato/Documents/NetBeansProjects/Factory_Fascade_Bank/src/factory_fascade_bank/Point.java</file>
        </group>
    </open-files>
</project-private>
