<?xml version="1.0" encoding="UTF-8"?>
<project-private xmlns="http://www.netbeans.org/ns/project-private/1">
    <editor-bookmarks xmlns="http://www.netbeans.org/ns/editor-bookmarks/2" lastBookmarkId="0"/>
    <open-files xmlns="http://www.netbeans.org/ns/projectui-open-files/2">
        <group>
            <file>file:/home/dev/Documents/p/prj/job/GDF_oraadoi/tantargyak/ElosztottAlkalmazasok/mytutorials/RMI/SessionBEan/SessionBEan-ejb/src/java/ejb/HirMessage.java</file>
            <file>file:/home/dev/Documents/p/prj/job/GDF_oraadoi/tantargyak/ElosztottAlkalmazasok/mytutorials/RMI/SessionBEan/SessionBEan-ejb/src/java/ejb/HirekEntityFacade.java</file>
            <file>file:/home/dev/Documents/p/prj/job/GDF_oraadoi/tantargyak/ElosztottAlkalmazasok/mytutorials/RMI/SessionBEan/SessionBEan-ejb/src/java/ejb/HirekEntity.java</file>
            <file>file:/home/dev/Documents/p/prj/job/GDF_oraadoi/tantargyak/ElosztottAlkalmazasok/mytutorials/RMI/SessionBEan/SessionBEan-ejb/src/java/ejb/AbstractFacade.java</file>
        </group>
    </open-files>
</project-private>
