<?xml version="1.0" encoding="UTF-8"?>
<project-private xmlns="http://www.netbeans.org/ns/project-private/1">
    <editor-bookmarks xmlns="http://www.netbeans.org/ns/editor-bookmarks/2" lastBookmarkId="0"/>
    <open-files xmlns="http://www.netbeans.org/ns/projectui-open-files/2">
        <group>
            <file>file:/E:/USER/Dokumentum/G-DRIVE/TAN/ElosztottAlkalmazások/GYAK2/WebJpa/web/index.jsp</file>
            <file>file:/E:/USER/Dokumentum/G-DRIVE/TAN/ElosztottAlkalmazások/GYAK2/WebJpa/src/java/enterprise/web_jpa_war/servlet/CreatePersonServlet.java</file>
            <file>file:/E:/USER/Dokumentum/G-DRIVE/TAN/ElosztottAlkalmazások/GYAK2/WebJpa/web/ListPerson.jsp</file>
            <file>file:/E:/USER/Dokumentum/G-DRIVE/TAN/ElosztottAlkalmazások/GYAK2/WebJpa/src/java/enterprise/web_jpa_war/servlet/ListPersonServlet.java</file>
            <file>file:/E:/USER/Dokumentum/G-DRIVE/TAN/ElosztottAlkalmazások/GYAK2/WebJpa/src/java/enterprise/web_jpa_war/entity/Person.java</file>
            <file>file:/E:/USER/Dokumentum/G-DRIVE/TAN/ElosztottAlkalmazások/GYAK2/WebJpa/web/CreatePerson.jsp</file>
        </group>
    </open-files>
</project-private>
